{
  "ogmoVersion": "3.4.0",
  "width": 320,
  "height": 240,
  "offsetX": 0,
  "offsetY": 0,
  "values": {"blockLimitBlock": 1, "blockLimitCrumblingBlock": 2, "blockLimitLadder": 1, "blockLimitSpring": 1},
  "layers": [
    {
      "name": "tile_layer",
      "_eid": "67136128",
      "offsetX": 0,
      "offsetY": 0,
      "gridCellWidth": 16,
      "gridCellHeight": 16,
      "gridCellsX": 20,
      "gridCellsY": 15,
      "tileset": "tile_main",
      "data": [-1, -1, -1, -1, -1, -1, -1, -1, -1, -1, -1, -1, -1, -1, -1, -1, -1, -1, -1, -1, -1, -1, -1, -1, -1, -1, -1, -1, -1, -1, -1, -1, -1, -1, -1, -1, -1, -1, -1, -1, -1, -1, -1, -1, -1, -1, -1, -1, -1, -1, -1, -1, -1, -1, -1, -1, -1, -1, -1, -1, -1, -1, -1, -1, -1, -1, -1, -1, -1, -1, -1, -1, -1, -1, -1, -1, -1, -1, -1, -1, -1, -1, -1, -1, -1, -1, -1, -1, -1, -1, -1, -1, -1, -1, 1, 3, 4, 2, 3, 4, -1, -1, -1, -1, -1, -1, -1, -1, -1, -1, -1, -1, -1, -1, 17, 10, 10, 10, 10, 10, -1, -1, -1, -1, -1, -1, -1, -1, -1, -1, -1, -1, -1, -1, 9, 10, 10, 10, 10, 10, -1, -1, -1, -1, -1, -1, -1, -1, -1, -1, -1, -1, -1, -1, 17, 10, 10, 10, 10, 10, -1, -1, -1, -1, -1, -1, -1, -1, -1, -1, -1, -1, -1, -1, 9, 10, 10, 10, 10, 10, 2, 3, 4, 5, -1, -1, -1, -1, -1, -1, -1, -1, -1, -1, 17, 10, 10, 10, 10, 10, 10, 10, 10, 13, -1, -1, -1, -1, -1, -1, -1, -1, -1, -1, 9, 10, 10, 10, 10, 10, 10, 10, 10, 21, -1, -1, -1, -1, -1, -1, -1, -1, -1, -1, 17, 10, 10, 10, 10, 10, 10, 10, 10, 13, -1, -1, -1, -1, -1, -1, -1, -1, -1, -1, 9, 10, 10, 10, 10, 10, 10, 10, 10, 21, -1, -1, -1, -1, -1, -1, -1, -1, -1, -1, 17, 10, 10, 10, 10, 10, 10, 10, 10, 13, -1, -1, -1, -1, -1, -1, -1, -1, -1, -1, 9, 10, 10, 10, 10, 10],
      "exportMode": 0,
      "arrayMode": 0
    },
    {
      "name": "tile_bkg_layer",
      "_eid": "67830976",
      "offsetX": 0,
      "offsetY": 0,
      "gridCellWidth": 16,
      "gridCellHeight": 16,
      "gridCellsX": 20,
      "gridCellsY": 15,
      "tileset": "tile_bkg",
      "data": [-1, -1, -1, -1, -1, -1, -1, -1, -1, -1, -1, -1, -1, -1, -1, -1, -1, -1, -1, -1, -1, -1, -1, -1, -1, -1, -1, -1, -1, -1, -1, -1, -1, -1, -1, -1, -1, -1, -1, -1, -1, -1, -1, -1, -1, -1, -1, -1, -1, -1, -1, -1, -1, -1, -1, -1, -1, -1, -1, -1, -1, -1, -1, -1, -1, -1, -1, -1, -1, -1, -1, -1, -1, -1, -1, -1, -1, -1, -1, -1, -1, -1, -1, -1, -1, -1, -1, -1, -1, -1, -1, -1, -1, -1, -1, -1, -1, -1, -1, -1, -1, -1, -1, -1, -1, -1, -1, -1, -1, -1, -1, -1, -1, -1, -1, -1, -1, -1, -1, -1, -1, -1, -1, -1, -1, -1, -1, -1, -1, -1, -1, -1, 6, -1, -1, -1, -1, -1, -1, -1, -1, -1, -1, -1, -1, -1, -1, -1, 13, 15, -1, -1, 14, -1, -1, -1, -1, -1, -1, -1, -1, -1, -1, -1, -1, -1, -1, -1, -1, -1, -1, -1, -1, -1, -1, -1, -1, -1, -1, -1, -1, -1, -1, -1, -1, -1, 5, -1, -1, -1, -1, -1, -1, -1, -1, -1, -1, -1, -1, -1, -1, -1, -1, -1, -1, -1, -1, -1, -1, -1, -1, -1, -1, -1, -1, -1, -1, -1, -1, -1, -1, -1, -1, -1, -1, -1, -1, -1, -1, -1, -1, -1, -1, -1, -1, -1, -1, -1, -1, -1, -1, -1, -1, -1, -1, -1, -1, -1, -1, -1, -1, -1, -1, -1, -1, -1, -1, -1, -1, -1, -1, -1, -1, -1, -1, -1, -1, -1, -1, -1, -1, -1, -1, -1, -1, -1, -1, -1, -1, -1, -1, -1, -1, -1, -1, -1, -1, -1, -1, -1, -1, -1, -1, -1, -1, -1, -1, -1, -1, -1],
      "exportMode": 0,
      "arrayMode": 0
    },
    {
      "name": "entity_layer",
      "_eid": "67180635",
      "offsetX": 0,
      "offsetY": 0,
      "gridCellWidth": 16,
      "gridCellHeight": 16,
      "gridCellsX": 20,
      "gridCellsY": 15,
      "entities": [
        {
          "name": "Player",
          "id": 0,
          "_eid": "67169606",
          "x": 16,
          "y": 128,
          "originX": 0,
          "originY": 0,
          "values": {"direction": "Right"}
        },
        {
          "name": "LevelTrigger",
          "id": 1,
          "_eid": "67172640",
          "x": 320,
          "y": 16,
          "originX": 0,
          "originY": 0,
          "values": {"levelNew": "levelend.json"}
        },
        {
          "name": "LevelTrigger",
          "id": 2,
          "_eid": "67172640",
          "x": 320,
          "y": 32,
          "originX": 0,
          "originY": 0,
          "values": {"levelNew": "levelend.json"}
        },
        {
          "name": "LevelTrigger",
          "id": 3,
          "_eid": "67172640",
          "x": 320,
          "y": 48,
          "originX": 0,
          "originY": 0,
          "values": {"levelNew": "levelend.json"}
        }
      ]
    },
    {
      "name": "gold_layer",
      "_eid": "70348375",
      "offsetX": 0,
      "offsetY": 0,
      "gridCellWidth": 4,
      "gridCellHeight": 4,
      "gridCellsX": 80,
      "gridCellsY": 60,
      "entities": [
        {"name": "Gold", "id": 0, "_eid": "70331214", "x": 100, "y": 132, "originX": 0, "originY": 0},
        {"name": "Gold", "id": 1, "_eid": "70331214", "x": 172, "y": 96, "originX": 0, "originY": 0},
        {"name": "Gold", "id": 2, "_eid": "70331214", "x": 132, "y": 116, "originX": 0, "originY": 0},
        {"name": "Gold", "id": 3, "_eid": "70331214", "x": 132, "y": 100, "originX": 0, "originY": 0},
        {"name": "Gold", "id": 4, "_eid": "70331214", "x": 148, "y": 100, "originX": 0, "originY": 0},
        {"name": "Gold", "id": 5, "_eid": "70331214", "x": 196, "y": 92, "originX": 0, "originY": 0},
        {"name": "Gold", "id": 6, "_eid": "70331214", "x": 196, "y": 80, "originX": 0, "originY": 0},
        {"name": "Gold", "id": 7, "_eid": "70331214", "x": 196, "y": 64, "originX": 0, "originY": 0},
        {"name": "Gold", "id": 8, "_eid": "70331214", "x": 228, "y": 44, "originX": 0, "originY": 0},
        {"name": "Gold", "id": 9, "_eid": "70331214", "x": 208, "y": 48, "originX": 0, "originY": 0}
      ]
    }
  ]
}