{
  "ogmoVersion": "3.4.0",
  "width": 352,
  "height": 400,
  "offsetX": 0,
  "offsetY": 0,
  "values": {"blockLimitBlock": 2, "blockLimitCrumblingBlock": 0, "blockLimitLadder": 1, "blockLimitSpring": 0},
  "layers": [
    {
      "name": "tile_layer",
      "_eid": "67136128",
      "offsetX": 0,
      "offsetY": 0,
      "gridCellWidth": 16,
      "gridCellHeight": 16,
      "gridCellsX": 22,
      "gridCellsY": 25,
      "tileset": "tile_main",
      "data": [-1, -1, -1, -1, -1, -1, -1, -1, -1, -1, -1, -1, -1, -1, -1, -1, -1, -1, -1, -1, -1, 9, -1, -1, -1, -1, -1, -1, -1, -1, -1, -1, -1, -1, -1, -1, -1, -1, -1, -1, -1, -1, -1, 17, -1, -1, -1, -1, -1, -1, -1, -1, -1, -1, -1, -1, -1, -1, -1, -1, -1, -1, -1, -1, -1, 9, -1, -1, -1, -1, -1, -1, -1, -1, -1, -1, -1, -1, -1, -1, -1, -1, -1, -1, -1, -1, -1, 17, -1, -1, -1, -1, -1, -1, -1, -1, -1, -1, -1, -1, -1, -1, -1, -1, -1, -1, -1, -1, -1, 9, -1, -1, -1, -1, -1, -1, -1, -1, -1, -1, -1, -1, -1, -1, -1, -1, -1, -1, -1, -1, -1, 17, -1, -1, -1, -1, -1, -1, -1, -1, -1, -1, -1, -1, -1, -1, -1, -1, -1, -1, -1, -1, -1, 9, -1, -1, -1, -1, -1, -1, -1, -1, -1, -1, -1, -1, -1, -1, -1, -1, -1, -1, -1, -1, -1, 17, -1, -1, -1, -1, -1, -1, -1, -1, -1, -1, -1, -1, -1, -1, -1, 1, 2, 2, 3, 5, -1, 9, -1, -1, -1, -1, -1, -1, -1, -1, -1, -1, -1, -1, -1, -1, -1, 9, 10, 10, 10, 13, -1, 17, 2, 3, 4, 2, 3, 4, 2, 3, 4, 5, -1, -1, -1, -1, -1, 9, 10, 10, 10, 21, -1, 9, 26, 27, 28, 26, 27, 28, 26, 27, 33, 13, -1, -1, -1, -1, -1, 9, 10, 10, 10, 13, -1, 17, -1, -1, -1, -1, -1, -1, -1, -1, 25, 29, -1, -1, -1, -1, -1, 9, 10, 10, 10, 21, -1, 9, -1, -1, -1, -1, -1, -1, -1, -1, -1, -1, -1, -1, -1, -1, -1, 9, 10, 10, 10, 13, -1, 17, 2, 3, 5, -1, -1, -1, -1, -1, -1, -1, -1, -1, -1, -1, -1, 17, 10, 10, 10, 21, -1, 9, 10, 10, 13, -1, -1, -1, -1, -1, -1, -1, -1, -1, -1, -1, -1, 25, 26, 27, 27, 29, -1, 17, 27, 28, 29, -1, -1, -1, -1, -1, -1, -1, -1, -1, -1, -1, -1, -1, -1, -1, -1, -1, -1, 9, -1, -1, -1, -1, -1, -1, -1, -1, 11, 11, -1, -1, -1, -1, -1, -1, -1, -1, -1, -1, -1, 17, -1, -1, -1, -1, -1, -1, -1, -1, -1, -1, -1, -1, -1, -1, -1, -1, -1, -1, -1, -1, -1, 9, -1, -1, -1, -1, -1, -1, -1, -1, -1, -1, -1, -1, -1, -1, -1, -1, -1, -1, -1, -1, -1, 17, -1, -1, -1, -1, -1, -1, -1, -1, -1, -1, -1, -1, 11, -1, -1, -1, -1, -1, 1, 3, 4, 9, -1, -1, -1, -1, -1, -1, -1, -1, -1, -1, -1, -1, -1, -1, -1, -1, -1, -1, 9, 10, 10, 17, -1, -1, -1, -1, -1, -1, -1, -1, -1, -1, -1, -1, -1, -1, -1, -1, -1, -1, 17, 10, 10, 9, -1, -1, -1, -1, -1, -1, -1, -1, -1, -1, -1, -1, -1, -1, -1, -1, -1, -1, 9, 10, 10, 17, -1, -1, -1, -1, -1, -1, -1, -1, -1, -1, -1, -1, -1, -1, -1, -1, -1, -1, 17, 10, 10, 9],
      "exportMode": 0,
      "arrayMode": 0
    },
    {
      "name": "tile_bkg_layer",
      "_eid": "67830976",
      "offsetX": 0,
      "offsetY": 0,
      "gridCellWidth": 16,
      "gridCellHeight": 16,
      "gridCellsX": 22,
      "gridCellsY": 25,
      "tileset": "tile_bkg",
      "data": [-1, -1, -1, -1, -1, -1, -1, -1, -1, -1, -1, -1, -1, -1, -1, -1, -1, -1, -1, -1, -1, -1, -1, -1, -1, -1, -1, -1, -1, -1, -1, -1, -1, -1, -1, -1, -1, -1, -1, -1, -1, -1, -1, -1, -1, -1, -1, -1, -1, -1, -1, -1, -1, -1, -1, -1, -1, -1, -1, -1, -1, -1, -1, -1, -1, -1, -1, -1, -1, -1, -1, -1, -1, -1, -1, -1, -1, -1, -1, -1, -1, -1, -1, -1, -1, -1, -1, -1, -1, -1, -1, -1, -1, -1, -1, -1, -1, -1, -1, -1, -1, -1, -1, -1, -1, -1, -1, -1, -1, -1, -1, -1, -1, -1, -1, -1, -1, -1, -1, -1, -1, -1, -1, -1, -1, -1, -1, -1, -1, -1, -1, -1, -1, -1, -1, -1, -1, -1, -1, -1, -1, -1, -1, -1, -1, -1, -1, -1, -1, -1, -1, -1, -1, -1, -1, -1, -1, -1, -1, -1, -1, -1, -1, -1, -1, -1, -1, -1, -1, -1, -1, -1, -1, -1, -1, -1, -1, -1, -1, -1, -1, -1, -1, -1, -1, -1, -1, -1, -1, -1, -1, -1, -1, -1, -1, -1, -1, -1, -1, -1, -1, -1, -1, -1, -1, -1, -1, -1, -1, -1, -1, -1, -1, -1, -1, -1, -1, -1, -1, -1, -1, -1, -1, -1, -1, -1, -1, -1, -1, -1, -1, -1, -1, -1, -1, -1, -1, -1, -1, -1, -1, -1, -1, -1, -1, -1, -1, -1, -1, -1, -1, -1, -1, -1, -1, -1, -1, -1, -1, -1, -1, -1, -1, -1, -1, -1, -1, -1, -1, -1, -1, -1, -1, -1, -1, -1, -1, -1, -1, -1, -1, -1, -1, -1, -1, -1, -1, -1, -1, -1, -1, -1, -1, -1, -1, -1, -1, -1, -1, -1, -1, -1, -1, -1, -1, -1, -1, -1, -1, -1, -1, 15, -1, -1, -1, -1, -1, -1, -1, -1, -1, -1, -1, -1, -1, -1, -1, -1, -1, -1, -1, -1, -1, -1, -1, -1, -1, -1, -1, -1, -1, -1, -1, -1, -1, -1, -1, -1, -1, -1, -1, -1, -1, -1, -1, -1, -1, -1, 22, -1, -1, -1, -1, -1, -1, -1, -1, -1, -1, -1, -1, -1, -1, -1, -1, -1, -1, -1, -1, -1, -1, -1, -1, -1, -1, -1, -1, -1, -1, -1, -1, -1, -1, -1, -1, -1, -1, -1, -1, -1, -1, -1, -1, -1, -1, -1, -1, -1, -1, -1, -1, -1, -1, -1, -1, -1, -1, -1, -1, -1, -1, -1, -1, -1, -1, -1, -1, -1, -1, -1, -1, -1, -1, -1, -1, -1, -1, -1, -1, -1, -1, -1, -1, -1, -1, -1, -1, -1, -1, -1, -1, -1, -1, 13, 22, 22, 22, 15, -1, -1, -1, -1, -1, -1, -1, -1, -1, -1, -1, -1, -1, -1, -1, -1, -1, -1, -1, -1, -1, -1, -1, -1, -1, -1, -1, -1, -1, -1, -1, -1, -1, -1, -1, -1, -1, -1, -1, -1, -1, -1, -1, -1, -1, -1, -1, -1, -1, -1, -1, -1, -1, -1, -1, -1, -1, -1, -1, -1, -1, -1, -1, -1, -1, -1, -1, -1, -1, -1, -1, -1, -1, -1, -1, -1, -1, -1, -1, -1, -1, -1, -1, -1, -1, -1, -1, -1, -1, -1, -1, -1],
      "exportMode": 0,
      "arrayMode": 0
    },
    {
      "name": "entity_layer",
      "_eid": "67180635",
      "offsetX": 0,
      "offsetY": 0,
      "gridCellWidth": 16,
      "gridCellHeight": 16,
      "gridCellsX": 22,
      "gridCellsY": 25,
      "entities": [
        {
          "name": "Player",
          "id": 0,
          "_eid": "67169606",
          "x": 80,
          "y": 144,
          "originX": 0,
          "originY": 0,
          "values": {"direction": "Right"}
        },
        {"name": "Laser", "id": 1, "_eid": "91439345", "x": 160, "y": 192, "originX": 0, "originY": 0},
        {"name": "Laser", "id": 2, "_eid": "91439345", "x": 176, "y": 192, "originX": 0, "originY": 0},
        {"name": "Laser", "id": 3, "_eid": "91439345", "x": 192, "y": 192, "originX": 0, "originY": 0},
        {"name": "Laser", "id": 4, "_eid": "91439345", "x": 208, "y": 192, "originX": 0, "originY": 0},
        {"name": "Laser", "id": 5, "_eid": "91439345", "x": 224, "y": 192, "originX": 0, "originY": 0},
        {"name": "CrumblingBlock", "id": 8, "_eid": "91704926", "x": 192, "y": 160, "originX": 0, "originY": 0},
        {"name": "Spring", "id": 9, "_eid": "86002670", "x": 192, "y": 144, "originX": 0, "originY": 0},
        {"name": "Ladder", "id": 10, "_eid": "85472877", "x": 320, "y": 128, "originX": 0, "originY": 0},
        {"name": "Ladder", "id": 11, "_eid": "85472877", "x": 320, "y": 144, "originX": 0, "originY": 0},
        {
          "name": "LevelTrigger",
          "id": 18,
          "_eid": "67172640",
          "x": -16,
          "y": 192,
          "originX": 0,
          "originY": 0,
          "values": {"levelNew": "level8.json"}
        },
        {
          "name": "LevelTrigger",
          "id": 19,
          "_eid": "67172640",
          "x": -16,
          "y": 208,
          "originX": 0,
          "originY": 0,
          "values": {"levelNew": "level8.json"}
        }
      ]
    },
    {
      "name": "gold_layer",
      "_eid": "70348375",
      "offsetX": 0,
      "offsetY": 0,
      "gridCellWidth": 4,
      "gridCellHeight": 4,
      "gridCellsX": 88,
      "gridCellsY": 100,
      "entities": [
        {"name": "Gold", "id": 0, "_eid": "70331214", "x": 196, "y": 132, "originX": 0, "originY": 0},
        {"name": "Gold", "id": 1, "_eid": "70331214", "x": 196, "y": 112, "originX": 0, "originY": 0},
        {"name": "Gold", "id": 2, "_eid": "70331214", "x": 196, "y": 98, "originX": 0, "originY": 0},
        {"name": "Gold", "id": 5, "_eid": "70331214", "x": 272, "y": 112, "originX": 0, "originY": 0},
        {"name": "Gold", "id": 6, "_eid": "70331214", "x": 300, "y": 112, "originX": 0, "originY": 0},
        {"name": "Gold", "id": 7, "_eid": "70331214", "x": 244, "y": 304, "originX": 0, "originY": 0},
        {"name": "Gold", "id": 8, "_eid": "70331214", "x": 152, "y": 256, "originX": 0, "originY": 0},
        {"name": "Gold", "id": 9, "_eid": "70331214", "x": 164, "y": 260, "originX": 0, "originY": 0},
        {"name": "Gold", "id": 10, "_eid": "70331214", "x": 100, "y": 244, "originX": 0, "originY": 0},
        {"name": "Gold", "id": 11, "_eid": "70331214", "x": 68, "y": 232, "originX": 0, "originY": 0},
        {"name": "Gold", "id": 12, "_eid": "70331214", "x": 32, "y": 212, "originX": 0, "originY": 0},
        {"name": "Gold", "id": 13, "_eid": "70331214", "x": 196, "y": 296, "originX": 0, "originY": 0},
        {"name": "Gold", "id": 14, "_eid": "70331214", "x": 324, "y": 264, "originX": 0, "originY": 0},
        {"name": "Gold", "id": 15, "_eid": "70331214", "x": 324, "y": 280, "originX": 0, "originY": 0},
        {"name": "Gold", "id": 16, "_eid": "70331214", "x": 324, "y": 300, "originX": 0, "originY": 0},
        {"name": "Gold", "id": 17, "_eid": "70331214", "x": 128, "y": 144, "originX": 0, "originY": 0},
        {"name": "Gold", "id": 18, "_eid": "70331214", "x": 132, "y": 256, "originX": 0, "originY": 0},
        {"name": "Gold", "id": 19, "_eid": "70331214", "x": 324, "y": 168, "originX": 0, "originY": 0},
        {"name": "Gold", "id": 20, "_eid": "70331214", "x": 324, "y": 184, "originX": 0, "originY": 0},
        {"name": "Gold", "id": 21, "_eid": "70331214", "x": 324, "y": 200, "originX": 0, "originY": 0},
        {"name": "Gold", "id": 22, "_eid": "70331214", "x": 324, "y": 232, "originX": 0, "originY": 0}
      ]
    }
  ]
}