{
  "ogmoVersion": "3.4.0",
  "width": 320,
  "height": 240,
  "offsetX": 0,
  "offsetY": 0,
  "values": {"blockLimitBlock": 0, "blockLimitCrumblingBlock": 2, "blockLimitLadder": 0, "blockLimitSpring": 0},
  "layers": [
    {
      "name": "tile_layer",
      "_eid": "67136128",
      "offsetX": 0,
      "offsetY": 0,
      "gridCellWidth": 16,
      "gridCellHeight": 16,
      "gridCellsX": 20,
      "gridCellsY": 15,
      "tileset": "tile_main",
      "data": [-1, -1, -1, -1, -1, -1, -1, -1, -1, -1, -1, -1, -1, -1, -1, -1, -1, -1, -1, -1, -1, -1, -1, -1, -1, -1, -1, -1, -1, -1, -1, -1, -1, -1, -1, -1, -1, -1, -1, -1, -1, -1, -1, -1, -1, -1, -1, -1, -1, -1, -1, -1, -1, -1, -1, -1, -1, -1, -1, -1, -1, -1, -1, -1, -1, -1, -1, -1, -1, -1, -1, -1, -1, -1, -1, -1, -1, -1, -1, -1, -1, -1, -1, -1, -1, -1, -1, -1, -1, -1, -1, -1, -1, -1, -1, -1, 1, 2, 3, 4, -1, -1, -1, -1, -1, -1, -1, -1, -1, -1, -1, -1, -1, -1, -1, -1, 9, 10, 10, 10, -1, -1, -1, -1, -1, -1, -1, -1, -1, -1, -1, -1, -1, -1, -1, -1, 9, 10, 10, 10, -1, -1, -1, -1, -1, -1, -1, -1, 1, 2, 3, 5, -1, -1, -1, -1, 17, 10, 10, 10, -1, -1, -1, -1, -1, -1, -1, -1, 9, 10, 10, 13, -1, -1, -1, -1, 9, 10, 10, 10, -1, -1, -1, -1, -1, -1, -1, -1, 9, 10, 10, 21, -1, -1, -1, -1, 17, 10, 10, 10, 2, 2, 2, 5, -1, 11, -1, -1, 9, 10, 10, 13, -1, -1, -1, -1, 9, 10, 10, 10, 10, 10, 10, 13, -1, -1, -1, -1, 9, 10, 10, 21, -1, -1, -1, -1, 9, 10, 10, 10, 10, 10, 10, 21, -1, -1, -1, -1, 9, 10, 10, 13, -1, -1, -1, -1, 17, 10, 10, 10, 10, 10, 10, 13, -1, -1, -1, -1, 17, 10, 10, 21, -1, -1, -1, -1, 9, 10, 10, 10, 10, 10, 10, 21, -1, -1, -1, -1, 9, 10, 10, 13, -1, -1, -1, -1, 17, 10, 10, 10],
      "exportMode": 0,
      "arrayMode": 0
    },
    {
      "name": "tile_bkg_layer",
      "_eid": "67830976",
      "offsetX": 0,
      "offsetY": 0,
      "gridCellWidth": 16,
      "gridCellHeight": 16,
      "gridCellsX": 20,
      "gridCellsY": 15,
      "tileset": "tile_bkg",
      "data": [-1, -1, -1, -1, -1, -1, -1, -1, -1, -1, -1, -1, -1, -1, -1, -1, -1, -1, -1, -1, -1, -1, -1, -1, -1, -1, -1, -1, -1, -1, -1, -1, -1, -1, -1, -1, -1, -1, -1, -1, -1, -1, -1, -1, -1, -1, -1, -1, -1, -1, -1, -1, -1, -1, -1, -1, -1, -1, -1, -1, -1, -1, -1, -1, -1, -1, -1, -1, -1, -1, -1, -1, -1, -1, -1, -1, -1, -1, -1, -1, -1, -1, -1, -1, -1, -1, -1, -1, -1, -1, -1, -1, -1, -1, -1, -1, -1, -1, -1, -1, -1, -1, -1, -1, -1, -1, -1, -1, -1, -1, -1, -1, 2, 3, 3, 4, -1, -1, -1, -1, -1, -1, -1, -1, -1, -1, -1, -1, -1, -1, -1, -1, 10, 11, 11, 12, -1, -1, -1, -1, -1, -1, -1, -1, -1, -1, -1, -1, -1, -1, -1, -1, 18, 19, 19, 20, -1, -1, -1, -1, -1, -1, -1, -1, -1, -1, -1, -1, -1, -1, -1, -1, -1, -1, -1, -1, -1, -1, -1, -1, -1, -1, -1, -1, -1, -1, -1, -1, -1, -1, -1, -1, -1, -1, -1, -1, -1, -1, -1, -1, -1, -1, -1, -1, -1, -1, -1, -1, -1, -1, -1, -1, -1, -1, -1, -1, -1, -1, -1, -1, -1, -1, -1, -1, -1, -1, -1, -1, -1, -1, -1, -1, -1, -1, -1, -1, -1, -1, -1, -1, -1, -1, -1, -1, -1, -1, -1, -1, -1, -1, -1, -1, -1, -1, -1, -1, -1, -1, -1, -1, -1, -1, -1, -1, -1, -1, -1, -1, -1, -1, -1, -1, -1, -1, -1, -1, -1, -1, -1, -1, -1, -1, -1, -1, -1, -1, -1, -1, -1, -1, -1, -1, -1, -1, -1, -1, -1, -1, -1, -1],
      "exportMode": 0,
      "arrayMode": 0
    },
    {
      "name": "entity_layer",
      "_eid": "67180635",
      "offsetX": 0,
      "offsetY": 0,
      "gridCellWidth": 16,
      "gridCellHeight": 16,
      "gridCellsX": 20,
      "gridCellsY": 15,
      "entities": [
        {"name": "Spring", "id": 0, "_eid": "86002670", "x": 80, "y": 144, "originX": 0, "originY": 0},
        {
          "name": "LevelTrigger",
          "id": 1,
          "_eid": "67172640",
          "x": 320,
          "y": 48,
          "originX": 0,
          "originY": 0,
          "values": {"levelNew": "level7.json"}
        },
        {
          "name": "LevelTrigger",
          "id": 2,
          "_eid": "67172640",
          "x": 320,
          "y": 32,
          "originX": 0,
          "originY": 0,
          "values": {"levelNew": "level7.json"}
        },
        {
          "name": "LevelTrigger",
          "id": 3,
          "_eid": "67172640",
          "x": 320,
          "y": 16,
          "originX": 0,
          "originY": 0,
          "values": {"levelNew": "level7.json"}
        },
        {
          "name": "LevelTrigger",
          "id": 4,
          "_eid": "67172640",
          "x": 320,
          "y": 0,
          "originX": 0,
          "originY": 0,
          "values": {"levelNew": "level7.json"}
        },
        {
          "name": "Player",
          "id": 5,
          "_eid": "67169606",
          "x": 16,
          "y": 144,
          "originX": 0,
          "originY": 0,
          "values": {"direction": "Right"}
        }
      ]
    },
    {
      "name": "gold_layer",
      "_eid": "70348375",
      "offsetX": 0,
      "offsetY": 0,
      "gridCellWidth": 4,
      "gridCellHeight": 4,
      "gridCellsX": 80,
      "gridCellsY": 60,
      "entities": [
        {"name": "Gold", "id": 0, "_eid": "70331214", "x": 84, "y": 134, "originX": 0, "originY": 0},
        {"name": "Gold", "id": 1, "_eid": "70331214", "x": 90, "y": 110, "originX": 0, "originY": 0},
        {"name": "Gold", "id": 4, "_eid": "70331214", "x": 208, "y": 84, "originX": 0, "originY": 0},
        {"name": "Gold", "id": 5, "_eid": "70331214", "x": 234, "y": 68, "originX": 0, "originY": 0},
        {"name": "Gold", "id": 6, "_eid": "70331214", "x": 258, "y": 54, "originX": 0, "originY": 0},
        {"name": "Gold", "id": 8, "_eid": "70331214", "x": 104, "y": 90, "originX": 0, "originY": 0},
        {"name": "Gold", "id": 9, "_eid": "70331214", "x": 132, "y": 96, "originX": 0, "originY": 0},
        {"name": "Gold", "id": 10, "_eid": "70331214", "x": 156, "y": 96, "originX": 0, "originY": 0},
        {"name": "Gold", "id": 11, "_eid": "70331214", "x": 180, "y": 96, "originX": 0, "originY": 0}
      ]
    }
  ]
}