{
  "ogmoVersion": "3.4.0",
  "width": 320,
  "height": 240,
  "offsetX": 0,
  "offsetY": 0,
  "values": {"blockLimitBlock": 0, "blockLimitCrumblingBlock": 2, "blockLimitLadder": 1, "blockLimitSpring": 1},
  "layers": [
    {
      "name": "tile_layer",
      "_eid": "67136128",
      "offsetX": 0,
      "offsetY": 0,
      "gridCellWidth": 16,
      "gridCellHeight": 16,
      "gridCellsX": 20,
      "gridCellsY": 15,
      "tileset": "tile_main",
      "data": [-1, -1, -1, -1, -1, -1, -1, -1, -1, -1, -1, -1, -1, -1, -1, -1, -1, -1, -1, -1, -1, -1, -1, -1, -1, -1, -1, -1, -1, -1, -1, -1, -1, -1, -1, -1, -1, -1, -1, -1, -1, -1, -1, -1, -1, -1, -1, -1, -1, -1, -1, -1, -1, -1, -1, -1, -1, -1, -1, -1, -1, -1, -1, -1, -1, -1, -1, -1, -1, -1, -1, -1, -1, -1, -1, -1, -1, -1, -1, -1, 2, 3, 4, 4, 5, -1, -1, -1, -1, -1, -1, -1, -1, -1, -1, -1, -1, -1, -1, -1, 10, 10, 10, 10, 13, -1, -1, -1, -1, -1, -1, -1, -1, -1, -1, -1, -1, -1, -1, -1, 10, 10, 10, 10, 21, -1, -1, -1, -1, -1, -1, -1, -1, -1, -1, -1, -1, -1, -1, -1, 10, 10, 10, 10, 13, -1, -1, -1, -1, -1, -1, -1, -1, -1, -1, -1, -1, -1, -1, -1, 10, 10, 10, 10, 21, -1, -1, -1, -1, -1, -1, -1, -1, -1, -1, -1, -1, -1, -1, -1, 10, 10, 10, 10, 13, -1, -1, 11, 11, -1, -1, -1, -1, -1, -1, 1, 2, 2, 3, 4, 10, 10, 10, 10, 21, -1, -1, -1, -1, -1, -1, -1, -1, -1, -1, 9, 10, 10, 10, 10, 10, 10, 10, 10, 13, -1, -1, -1, -1, -1, -1, -1, -1, -1, -1, 17, 10, 10, 10, 10, 10, 10, 10, 10, 21, -1, -1, -1, -1, -1, -1, -1, -1, -1, -1, 9, 10, 10, 10, 10, 10, 10, 10, 10, 13, -1, -1, -1, -1, -1, -1, -1, -1, -1, -1, 17, 10, 10, 10, 10, 10, 10, 10, 10, 21, -1, -1, -1, -1, -1, -1, -1, -1, -1, -1, 9, 10, 10, 10, 10],
      "exportMode": 0,
      "arrayMode": 0
    },
    {
      "name": "tile_bkg_layer",
      "_eid": "67830976",
      "offsetX": 0,
      "offsetY": 0,
      "gridCellWidth": 16,
      "gridCellHeight": 16,
      "gridCellsX": 20,
      "gridCellsY": 15,
      "tileset": "tile_bkg",
      "data": [-1, -1, -1, -1, -1, -1, -1, -1, -1, -1, -1, -1, -1, -1, -1, -1, -1, -1, -1, -1, -1, -1, -1, -1, -1, -1, -1, -1, -1, -1, -1, -1, -1, -1, -1, -1, -1, -1, -1, -1, -1, -1, -1, -1, -1, -1, -1, -1, -1, -1, -1, -1, -1, -1, -1, -1, -1, -1, -1, -1, -1, -1, -1, -1, -1, -1, -1, -1, -1, -1, -1, -1, -1, -1, -1, -1, -1, -1, -1, -1, -1, -1, -1, -1, -1, 6, -1, -1, -1, -1, -1, -1, -1, -1, -1, -1, -1, -1, -1, -1, -1, -1, -1, -1, -1, 14, -1, -1, -1, -1, -1, -1, -1, -1, -1, -1, -1, -1, -1, -1, -1, -1, -1, -1, -1, -1, -1, -1, -1, -1, -1, -1, -1, -1, -1, -1, -1, -1, -1, -1, -1, -1, -1, -1, -1, -1, -1, -1, -1, -1, -1, -1, -1, -1, -1, -1, -1, -1, -1, -1, -1, -1, -1, -1, -1, -1, -1, 6, -1, -1, -1, -1, -1, -1, -1, -1, -1, -1, -1, -1, -1, -1, -1, -1, -1, -1, -1, 14, 13, 22, 22, 22, 22, 22, 15, -1, -1, -1, -1, -1, -1, -1, -1, -1, -1, -1, -1, -1, -1, -1, -1, -1, -1, -1, -1, -1, -1, -1, -1, -1, -1, -1, -1, -1, -1, -1, -1, -1, -1, -1, -1, -1, -1, -1, -1, -1, -1, -1, -1, -1, -1, -1, -1, -1, -1, -1, -1, -1, -1, -1, -1, -1, -1, -1, -1, -1, -1, -1, -1, -1, -1, -1, -1, -1, -1, -1, -1, -1, -1, -1, -1, -1, -1, -1, -1, -1, -1, -1, -1, -1, -1, -1, -1, -1, -1, -1, -1, -1, -1, -1, -1, -1, -1, -1, -1, -1, -1, -1, -1, -1],
      "exportMode": 0,
      "arrayMode": 0
    },
    {
      "name": "entity_layer",
      "_eid": "67180635",
      "offsetX": 0,
      "offsetY": 0,
      "gridCellWidth": 16,
      "gridCellHeight": 16,
      "gridCellsX": 20,
      "gridCellsY": 15,
      "entities": [
        {
          "name": "Player",
          "id": 1,
          "_eid": "67169606",
          "x": 288,
          "y": 128,
          "originX": 0,
          "originY": 0,
          "values": {"direction": "Right"}
        },
        {
          "name": "LevelTrigger",
          "id": 5,
          "_eid": "67172640",
          "x": -16,
          "y": 48,
          "originX": 0,
          "originY": 0,
          "values": {"levelNew": "level9.json"}
        },
        {
          "name": "LevelTrigger",
          "id": 6,
          "_eid": "67172640",
          "x": -16,
          "y": 32,
          "originX": 0,
          "originY": 0,
          "values": {"levelNew": "level9.json"}
        },
        {
          "name": "LevelTrigger",
          "id": 7,
          "_eid": "67172640",
          "x": -16,
          "y": 16,
          "originX": 0,
          "originY": 0,
          "values": {"levelNew": "level9.json"}
        },
        {
          "name": "LevelTrigger",
          "id": 8,
          "_eid": "67172640",
          "x": -16,
          "y": 0,
          "originX": 0,
          "originY": 0,
          "values": {"levelNew": "level9.json"}
        }
      ]
    },
    {
      "name": "gold_layer",
      "_eid": "70348375",
      "offsetX": 0,
      "offsetY": 0,
      "gridCellWidth": 4,
      "gridCellHeight": 4,
      "gridCellsX": 80,
      "gridCellsY": 60,
      "entities": [
        {"name": "Gold", "id": 0, "_eid": "70331214", "x": 220, "y": 124, "originX": 0, "originY": 0},
        {"name": "Gold", "id": 1, "_eid": "70331214", "x": 172, "y": 124, "originX": 0, "originY": 0},
        {"name": "Gold", "id": 2, "_eid": "70331214", "x": 196, "y": 120, "originX": 0, "originY": 0},
        {"name": "Gold", "id": 3, "_eid": "70331214", "x": 84, "y": 84, "originX": 0, "originY": 0},
        {"name": "Gold", "id": 4, "_eid": "70331214", "x": 84, "y": 68, "originX": 0, "originY": 0},
        {"name": "Gold", "id": 5, "_eid": "70331214", "x": 64, "y": 52, "originX": 0, "originY": 0},
        {"name": "Gold", "id": 6, "_eid": "70331214", "x": 84, "y": 52, "originX": 0, "originY": 0},
        {"name": "Gold", "id": 7, "_eid": "70331214", "x": 40, "y": 52, "originX": 0, "originY": 0},
        {"name": "Gold", "id": 8, "_eid": "70331214", "x": 268, "y": 132, "originX": 0, "originY": 0},
        {"name": "Gold", "id": 9, "_eid": "70331214", "x": 256, "y": 132, "originX": 0, "originY": 0},
        {"name": "Gold", "id": 10, "_eid": "70331214", "x": 244, "y": 132, "originX": 0, "originY": 0},
        {"name": "Gold", "id": 11, "_eid": "70331214", "x": 116, "y": 120, "originX": 0, "originY": 0},
        {"name": "Gold", "id": 12, "_eid": "70331214", "x": 96, "y": 92, "originX": 0, "originY": 0},
        {"name": "Gold", "id": 13, "_eid": "70331214", "x": 52, "y": 52, "originX": 0, "originY": 0},
        {"name": "Gold", "id": 14, "_eid": "70331214", "x": 28, "y": 52, "originX": 0, "originY": 0},
        {"name": "Gold", "id": 15, "_eid": "70331214", "x": 16, "y": 52, "originX": 0, "originY": 0},
        {"name": "Gold", "id": 16, "_eid": "70331214", "x": 36, "y": 44, "originX": 0, "originY": 0},
        {"name": "Gold", "id": 17, "_eid": "70331214", "x": 52, "y": 44, "originX": 0, "originY": 0}
      ]
    }
  ]
}