{
  "ogmoVersion": "3.4.0",
  "width": 320,
  "height": 256,
  "offsetX": 0,
  "offsetY": 0,
  "values": {"blockLimitBlock": 0, "blockLimitCrumblingBlock": 1, "blockLimitLadder": 1, "blockLimitSpring": 0},
  "layers": [
    {
      "name": "tile_layer",
      "_eid": "67136128",
      "offsetX": 0,
      "offsetY": 0,
      "gridCellWidth": 16,
      "gridCellHeight": 16,
      "gridCellsX": 20,
      "gridCellsY": 16,
      "tileset": "tile_main",
      "data": [-1, -1, -1, -1, -1, -1, -1, -1, -1, -1, -1, -1, -1, -1, -1, -1, -1, -1, -1, -1, -1, -1, -1, -1, -1, -1, -1, -1, -1, -1, -1, -1, -1, -1, -1, -1, -1, -1, -1, -1, -1, -1, -1, -1, -1, -1, -1, -1, -1, -1, -1, -1, -1, -1, -1, -1, -1, -1, -1, -1, -1, -1, -1, -1, -1, -1, -1, -1, -1, -1, -1, -1, -1, -1, -1, -1, -1, -1, -1, -1, -1, -1, -1, -1, -1, -1, -1, -1, -1, -1, -1, -1, -1, -1, -1, -1, -1, -1, -1, -1, -1, -1, 0, -1, -1, -1, -1, -1, -1, -1, -1, -1, -1, -1, -1, -1, -1, -1, -1, -1, -1, -1, -1, -1, -1, -1, -1, -1, -1, -1, -1, 0, -1, -1, -1, -1, -1, -1, -1, -1, -1, -1, -1, -1, -1, -1, -1, -1, -1, -1, -1, -1, -1, 1, 2, 3, 4, 2, 2, 3, -1, -1, -1, -1, -1, -1, -1, -1, -1, -1, -1, -1, -1, 9, 10, 10, 10, 10, 10, 10, -1, -1, -1, -1, -1, -1, -1, -1, -1, -1, -1, -1, -1, 17, 10, 10, 10, 10, 10, 10, 2, 3, 4, 2, 3, 4, 5, -1, -1, -1, -1, -1, 11, 9, 10, 10, 10, 10, 10, 10, 10, 10, 10, 10, 10, 10, 13, -1, -1, -1, -1, -1, -1, 17, 10, 10, 10, 10, 10, 10, 10, 10, 10, 10, 10, 10, 21, -1, -1, -1, -1, -1, -1, 9, 10, 10, 10, 10, 10, 10, 10, 10, 10, 10, 10, 10, 21, -1, -1, -1, -1, -1, -1, 17, 10, 10, 10, 10, 10, 10, 10, 10, 10, 10, 10, 10, 13, -1, -1, -1, -1, -1, -1, 9, 10, 10, 10, 10, 10, 10, 10, 10, 10, 10, 10, 10, 21, -1, -1, -1, -1, -1, -1, 17, 10, 10, 10, 10, 10, 10],
      "exportMode": 0,
      "arrayMode": 0
    },
    {
      "name": "tile_bkg_layer",
      "_eid": "67830976",
      "offsetX": 0,
      "offsetY": 0,
      "gridCellWidth": 16,
      "gridCellHeight": 16,
      "gridCellsX": 20,
      "gridCellsY": 16,
      "tileset": "tile_bkg",
      "data": [-1, -1, -1, -1, -1, -1, -1, -1, -1, -1, -1, -1, -1, -1, -1, -1, -1, -1, -1, -1, -1, -1, -1, -1, -1, -1, -1, -1, -1, -1, -1, -1, -1, -1, -1, -1, -1, -1, -1, -1, -1, -1, -1, -1, -1, -1, -1, -1, -1, -1, -1, -1, -1, -1, -1, -1, -1, -1, -1, -1, -1, -1, -1, -1, -1, -1, -1, -1, -1, -1, -1, -1, -1, -1, -1, -1, -1, -1, -1, -1, -1, -1, -1, -1, -1, -1, -1, -1, -1, -1, -1, -1, -1, -1, -1, -1, -1, -1, -1, -1, -1, -1, -1, -1, -1, -1, -1, -1, -1, -1, -1, -1, -1, -1, -1, -1, -1, -1, -1, -1, -1, -1, -1, -1, -1, -1, -1, -1, -1, -1, -1, -1, -1, -1, -1, -1, -1, -1, -1, -1, -1, -1, -1, -1, -1, -1, -1, -1, -1, -1, -1, -1, -1, -1, 7, -1, -1, -1, -1, -1, -1, -1, -1, -1, -1, -1, -1, -1, -1, -1, -1, -1, 13, -1, -1, -1, -1, -1, -1, -1, -1, -1, -1, -1, -1, -1, -1, -1, -1, -1, -1, -1, -1, -1, -1, -1, -1, -1, -1, -1, -1, -1, -1, -1, -1, -1, -1, -1, -1, 13, 22, 15, -1, -1, -1, -1, -1, -1, -1, -1, -1, -1, -1, -1, -1, -1, -1, -1, -1, -1, -1, -1, -1, -1, -1, -1, -1, -1, -1, -1, -1, -1, -1, -1, -1, -1, -1, -1, -1, -1, -1, -1, -1, -1, -1, -1, -1, -1, -1, -1, -1, -1, -1, -1, -1, -1, -1, -1, -1, -1, -1, -1, -1, -1, -1, -1, -1, -1, -1, -1, -1, -1, -1, -1, -1, -1, -1, -1, -1, -1, -1, -1, -1, -1, -1, -1, -1, -1, -1, -1, -1, -1, -1, -1, -1, -1, -1, -1, -1, -1, -1, -1, -1, -1, -1, -1, -1, -1, -1, -1],
      "exportMode": 0,
      "arrayMode": 0
    },
    {
      "name": "entity_layer",
      "_eid": "67180635",
      "offsetX": 0,
      "offsetY": 0,
      "gridCellWidth": 16,
      "gridCellHeight": 16,
      "gridCellsX": 20,
      "gridCellsY": 16,
      "entities": [
        {
          "name": "Player",
          "id": 0,
          "_eid": "67169606",
          "x": 16,
          "y": 144,
          "originX": 0,
          "originY": 0,
          "values": {"direction": "Right"}
        },
        {
          "name": "LevelTrigger",
          "id": 2,
          "_eid": "67172640",
          "x": 320,
          "y": 80,
          "originX": 0,
          "originY": 0,
          "values": {"levelNew": "level6.json"}
        },
        {
          "name": "LevelTrigger",
          "id": 3,
          "_eid": "67172640",
          "x": 320,
          "y": 96,
          "originX": 0,
          "originY": 0,
          "values": {"levelNew": "level6.json"}
        },
        {
          "name": "LevelTrigger",
          "id": 4,
          "_eid": "67172640",
          "x": 320,
          "y": 64,
          "originX": 0,
          "originY": 0,
          "values": {"levelNew": "level6.json"}
        },
        {
          "name": "LevelTrigger",
          "id": 5,
          "_eid": "67172640",
          "x": 320,
          "y": 48,
          "originX": 0,
          "originY": 0,
          "values": {"levelNew": "level6.json"}
        },
        {"name": "CrumblingBlock", "id": 6, "_eid": "91704926", "x": 128, "y": 160, "originX": 0, "originY": 0}
      ]
    },
    {
      "name": "gold_layer",
      "_eid": "70348375",
      "offsetX": 0,
      "offsetY": 0,
      "gridCellWidth": 4,
      "gridCellHeight": 4,
      "gridCellsX": 80,
      "gridCellsY": 64,
      "entities": [
        {"name": "Gold", "id": 0, "_eid": "70331214", "x": 124, "y": 134, "originX": 0, "originY": 0},
        {"name": "Gold", "id": 1, "_eid": "70331214", "x": 164, "y": 138, "originX": 0, "originY": 0},
        {"name": "Gold", "id": 2, "_eid": "70331214", "x": 190, "y": 130, "originX": 0, "originY": 0},
        {"name": "Gold", "id": 3, "_eid": "70331214", "x": 190, "y": 112, "originX": 0, "originY": 0},
        {"name": "Gold", "id": 4, "_eid": "70331214", "x": 210, "y": 98, "originX": 0, "originY": 0},
        {"name": "Gold", "id": 5, "_eid": "70331214", "x": 234, "y": 98, "originX": 0, "originY": 0},
        {"name": "Gold", "id": 6, "_eid": "70331214", "x": 146, "y": 144, "originX": 0, "originY": 0},
        {"name": "Gold", "id": 7, "_eid": "70331214", "x": 100, "y": 144, "originX": 0, "originY": 0}
      ]
    }
  ]
}