{
  "ogmoVersion": "3.4.0",
  "width": 384,
  "height": 256,
  "offsetX": 0,
  "offsetY": 0,
  "values": {"blockLimitBlock": 0, "blockLimitCrumblingBlock": 0, "blockLimitLadder": 0, "blockLimitSpring": 0},
  "layers": [
    {
      "name": "tile_layer",
      "_eid": "67136128",
      "offsetX": 0,
      "offsetY": 0,
      "gridCellWidth": 16,
      "gridCellHeight": 16,
      "gridCellsX": 24,
      "gridCellsY": 16,
      "tileset": "tile_main",
      "data": [-1, -1, -1, -1, -1, -1, -1, -1, -1, -1, -1, -1, -1, -1, -1, -1, -1, -1, -1, -1, -1, -1, -1, -1, -1, -1, -1, -1, -1, -1, -1, -1, -1, -1, -1, -1, -1, -1, -1, -1, -1, -1, -1, -1, -1, -1, -1, -1, -1, -1, -1, -1, -1, -1, -1, -1, -1, -1, -1, -1, -1, -1, -1, -1, -1, -1, -1, -1, -1, -1, -1, -1, -1, -1, -1, -1, -1, -1, -1, -1, -1, -1, -1, -1, -1, -1, -1, -1, -1, -1, -1, -1, -1, -1, -1, -1, -1, -1, -1, -1, -1, -1, -1, -1, -1, -1, -1, -1, -1, -1, -1, -1, -1, -1, -1, -1, -1, -1, -1, -1, -1, -1, -1, -1, -1, -1, -1, -1, -1, -1, -1, -1, -1, -1, -1, -1, -1, -1, -1, -1, -1, -1, -1, -1, -1, -1, -1, -1, -1, -1, -1, -1, -1, -1, -1, -1, -1, -1, -1, -1, -1, -1, -1, -1, -1, -1, -1, -1, -1, -1, -1, -1, -1, -1, -1, -1, -1, -1, -1, -1, -1, -1, -1, -1, -1, -1, -1, -1, -1, -1, -1, -1, -1, -1, -1, -1, -1, -1, -1, -1, -1, -1, -1, -1, -1, -1, -1, -1, -1, -1, -1, -1, -1, -1, -1, -1, -1, -1, -1, -1, -1, -1, -1, -1, -1, -1, -1, -1, -1, -1, -1, -1, -1, -1, -1, -1, -1, -1, -1, -1, -1, -1, -1, -1, -1, -1, -1, -1, -1, -1, -1, -1, -1, -1, -1, -1, -1, -1, -1, -1, -1, -1, -1, -1, 2, 3, 4, 2, 3, 4, 5, -1, -1, 11, -1, 11, 11, -1, 11, -1, -1, 1, 2, 3, 4, 4, 4, 4, 10, 10, 10, 10, 10, 10, 13, -1, -1, -1, -1, -1, -1, -1, -1, -1, -1, 9, 10, 10, 10, 10, 10, 10, 10, 10, 10, 10, 10, 10, 21, -1, -1, -1, -1, -1, -1, -1, -1, -1, -1, 17, 10, 10, 10, 10, 10, 10, 10, 10, 10, 10, 10, 10, 21, -1, -1, -1, -1, -1, -1, -1, -1, -1, -1, 9, 10, 10, 10, 10, 10, 10, 10, 10, 10, 10, 10, 10, 13, -1, -1, -1, -1, -1, -1, -1, -1, -1, -1, 9, 10, 10, 10, 10, 10, 10],
      "exportMode": 0,
      "arrayMode": 0
    },
    {
      "name": "tile_bkg_layer",
      "_eid": "67830976",
      "offsetX": 0,
      "offsetY": 0,
      "gridCellWidth": 16,
      "gridCellHeight": 16,
      "gridCellsX": 24,
      "gridCellsY": 16,
      "tileset": "tile_bkg",
      "data": [-1, -1, -1, -1, -1, -1, -1, -1, -1, -1, -1, -1, -1, -1, -1, -1, -1, -1, -1, -1, -1, -1, -1, -1, -1, -1, -1, -1, -1, -1, -1, -1, -1, -1, -1, -1, -1, -1, -1, -1, -1, -1, -1, -1, -1, -1, -1, -1, -1, -1, -1, -1, -1, -1, -1, -1, -1, -1, -1, -1, -1, -1, -1, -1, -1, -1, -1, -1, -1, -1, -1, -1, -1, -1, -1, -1, -1, -1, -1, -1, -1, -1, -1, -1, -1, -1, -1, -1, -1, -1, -1, -1, -1, -1, -1, -1, -1, -1, -1, -1, -1, -1, -1, -1, -1, -1, -1, -1, -1, -1, -1, -1, -1, -1, -1, -1, -1, -1, -1, -1, -1, -1, -1, -1, -1, -1, -1, -1, -1, -1, -1, -1, -1, -1, -1, -1, -1, -1, -1, -1, -1, -1, -1, -1, -1, -1, -1, -1, -1, -1, -1, -1, -1, -1, -1, -1, -1, -1, -1, -1, -1, -1, -1, -1, -1, -1, -1, -1, -1, -1, -1, -1, -1, -1, -1, -1, -1, -1, -1, -1, -1, -1, -1, -1, -1, -1, -1, -1, -1, -1, -1, -1, -1, -1, -1, -1, -1, -1, -1, -1, -1, -1, -1, -1, -1, -1, -1, -1, -1, -1, -1, -1, -1, -1, -1, -1, -1, -1, -1, -1, -1, -1, -1, -1, -1, -1, -1, -1, -1, -1, -1, -1, -1, -1, -1, -1, -1, -1, -1, -1, -1, -1, -1, -1, -1, -1, -1, 2, 3, 3, 3, 3, 3, 3, 3, 3, 4, -1, -1, -1, -1, -1, -1, -1, -1, -1, -1, -1, -1, -1, -1, 10, 11, 11, 11, 11, 11, 11, 11, 11, 12, -1, -1, -1, -1, -1, -1, -1, -1, -1, -1, -1, -1, -1, -1, 18, 19, 19, 19, 19, 19, 19, 19, 19, 20, -1, -1, -1, -1, -1, -1, -1, -1, -1, -1, -1, -1, -1, -1, -1, -1, -1, -1, -1, -1, -1, -1, -1, -1, -1, -1, -1, -1, -1, -1, -1, -1, -1, -1, -1, -1, -1, -1, -1, -1, -1, -1, -1, -1, -1, -1, -1, -1, -1, -1, -1, -1, -1, -1, -1, -1, -1, -1, -1, -1, -1, -1, -1, -1, -1, -1, -1, -1, -1, -1, -1, -1, -1, -1, -1, -1, -1, -1, -1],
      "exportMode": 0,
      "arrayMode": 0
    },
    {
      "name": "entity_layer",
      "_eid": "67180635",
      "offsetX": 0,
      "offsetY": 0,
      "gridCellWidth": 16,
      "gridCellHeight": 16,
      "gridCellsX": 24,
      "gridCellsY": 16,
      "entities": [
        {
          "name": "Player",
          "id": 0,
          "_eid": "67169606",
          "x": 16,
          "y": 160,
          "originX": 0,
          "originY": 0,
          "values": {"direction": "Right"}
        },
        {
          "name": "LevelTrigger",
          "id": 2,
          "_eid": "67172640",
          "x": 368,
          "y": 144,
          "originX": 0,
          "originY": 0,
          "values": {"levelNew": "level2.json"}
        },
        {
          "name": "LevelTrigger",
          "id": 3,
          "_eid": "67172640",
          "x": 368,
          "y": 160,
          "originX": 0,
          "originY": 0,
          "values": {"levelNew": "level2.json"}
        },
        {
          "name": "LevelTrigger",
          "id": 4,
          "_eid": "67172640",
          "x": 368,
          "y": 128,
          "originX": 0,
          "originY": 0,
          "values": {"levelNew": "level2.json"}
        },
        {
          "name": "LevelTrigger",
          "id": 5,
          "_eid": "67172640",
          "x": 368,
          "y": 112,
          "originX": 0,
          "originY": 0,
          "values": {"levelNew": "level2.json"}
        }
      ]
    },
    {
      "name": "gold_layer",
      "_eid": "70348375",
      "offsetX": 0,
      "offsetY": 0,
      "gridCellWidth": 4,
      "gridCellHeight": 4,
      "gridCellsX": 96,
      "gridCellsY": 64,
      "entities": [
        {"name": "Gold", "id": 0, "_eid": "70331214", "x": 123, "y": 153, "originX": 0, "originY": 0},
        {"name": "Gold", "id": 1, "_eid": "70331214", "x": 137, "y": 160, "originX": 0, "originY": 0},
        {"name": "Gold", "id": 2, "_eid": "70331214", "x": 147, "y": 165, "originX": 0, "originY": 0},
        {"name": "Gold", "id": 3, "_eid": "70331214", "x": 228, "y": 165, "originX": 0, "originY": 0},
        {"name": "Gold", "id": 4, "_eid": "70331214", "x": 182, "y": 167, "originX": 0, "originY": 0},
        {"name": "Gold", "id": 5, "_eid": "70331214", "x": 275, "y": 165, "originX": 0, "originY": 0},
        {"name": "Gold", "id": 6, "_eid": "70331214", "x": 198, "y": 167, "originX": 0, "originY": 0},
        {"name": "Gold", "id": 7, "_eid": "70331214", "x": 100, "y": 161, "originX": 0, "originY": 0}
      ]
    }
  ]
}