{
  "ogmoVersion": "3.4.0",
  "width": 352,
  "height": 352,
  "offsetX": 0,
  "offsetY": 0,
  "values": {"blockLimitBlock": 0, "blockLimitCrumblingBlock": 2, "blockLimitLadder": 3, "blockLimitSpring": 1},
  "layers": [
    {
      "name": "tile_layer",
      "_eid": "67136128",
      "offsetX": 0,
      "offsetY": 0,
      "gridCellWidth": 16,
      "gridCellHeight": 16,
      "gridCellsX": 22,
      "gridCellsY": 22,
      "tileset": "tile_main",
      "data": [10, 10, 10, 13, -1, -1, -1, -1, -1, -1, -1, -1, -1, -1, 17, 10, 10, 10, 10, 10, 10, 10, 10, 10, 10, 21, -1, -1, -1, -1, -1, -1, -1, -1, -1, -1, 9, 10, 10, 10, 10, 10, 10, 10, 10, 10, 10, 13, -1, -1, -1, -1, -1, -1, -1, -1, -1, -1, 17, 10, 10, 10, 10, 10, 10, 10, 10, 10, 10, 21, -1, -1, -1, -1, -1, -1, -1, -1, -1, -1, 9, 10, 10, 10, 10, 10, 10, 10, 10, 10, 10, 13, -1, -1, -1, -1, -1, -1, -1, -1, -1, -1, 17, 10, 10, 10, 10, 10, 10, 10, 10, 10, 10, 21, -1, -1, -1, -1, -1, -1, -1, -1, -1, -1, 9, 10, 10, 10, 10, 10, 10, 10, 10, 10, 10, 13, -1, -1, -1, -1, -1, -1, -1, -1, -1, -1, 17, 10, 10, 10, 10, 10, 10, 10, 10, 10, 10, 13, -1, -1, 1, 2, 3, 5, -1, -1, -1, -1, 9, 10, 10, 10, 10, 10, 10, 10, 10, 10, 10, 21, -1, -1, 9, 10, 10, 13, -1, -1, -1, -1, 17, 10, 10, 10, 10, 10, 10, 10, 10, 10, 10, 13, -1, -1, 17, 10, 10, 21, -1, -1, -1, -1, 25, 26, 27, 28, 26, 27, 28, 26, 10, 10, 10, 21, -1, -1, 25, 33, 10, 13, -1, -1, -1, -1, -1, -1, -1, -1, -1, -1, -1, -1, 10, 10, 10, 35, 5, -1, -1, 17, 10, 21, -1, -1, -1, -1, -1, -1, -1, -1, -1, -1, -1, -1, 10, 10, 10, 10, 21, -1, -1, 9, 10, 13, -1, -1, -1, -1, -1, 1, 2, 3, 4, 2, 3, 4, 10, 10, 10, 10, 13, -1, -1, 17, 10, 21, -1, -1, -1, -1, -1, 25, 26, 27, 28, 26, 27, 28, 10, 10, 10, 10, 21, -1, -1, 9, 36, 29, -1, -1, -1, -1, -1, -1, -1, -1, -1, -1, -1, -1, 10, 10, 10, 10, 35, 5, -1, 17, 13, -1, -1, -1, 11, -1, -1, -1, -1, -1, -1, -1, -1, -1, 10, 10, 10, 10, 10, 21, -1, 25, 29, -1, -1, -1, -1, -1, -1, -1, -1, -1, -1, -1, -1, -1, 10, 10, 10, 10, 10, 13, -1, -1, -1, -1, -1, -1, -1, -1, -1, -1, -1, -1, -1, -1, -1, -1, 10, 10, 10, 10, 10, 21, -1, -1, -1, -1, -1, -1, -1, -1, -1, -1, -1, -1, -1, -1, -1, -1, 10, 10, 10, 10, 10, 35, 2, 3, 4, 5, -1, -1, -1, -1, -1, -1, -1, 1, 4, 2, 3, 4, 10, 10, 10, 10, 10, 10, 10, 10, 10, 13, -1, -1, -1, -1, -1, -1, -1, 9, 10, 10, 10, 10, 10, 10, 10, 10, 10, 10, 10, 10, 10, 21, -1, -1, -1, -1, -1, -1, -1, 17, 10, 10, 10, 10],
      "exportMode": 0,
      "arrayMode": 0
    },
    {
      "name": "tile_bkg_layer",
      "_eid": "67830976",
      "offsetX": 0,
      "offsetY": 0,
      "gridCellWidth": 16,
      "gridCellHeight": 16,
      "gridCellsX": 22,
      "gridCellsY": 22,
      "tileset": "tile_bkg",
      "data": [-1, -1, -1, -1, -1, -1, -1, -1, -1, -1, -1, -1, -1, -1, -1, -1, -1, -1, -1, -1, -1, -1, -1, -1, -1, -1, -1, -1, -1, -1, -1, -1, -1, -1, -1, -1, -1, -1, -1, -1, -1, -1, -1, -1, -1, -1, -1, -1, -1, -1, -1, -1, -1, -1, -1, -1, -1, -1, -1, -1, -1, -1, -1, -1, -1, -1, -1, -1, -1, -1, -1, -1, -1, -1, -1, -1, -1, -1, -1, -1, -1, -1, -1, -1, -1, -1, -1, -1, -1, -1, -1, -1, -1, -1, -1, -1, -1, -1, -1, -1, -1, -1, -1, -1, -1, -1, -1, -1, -1, -1, -1, -1, -1, -1, -1, -1, -1, -1, -1, -1, -1, -1, -1, -1, -1, -1, -1, -1, -1, -1, -1, -1, -1, -1, -1, -1, -1, -1, -1, -1, -1, -1, -1, 13, 22, 15, -1, -1, -1, -1, -1, -1, -1, -1, -1, -1, -1, -1, -1, -1, -1, -1, -1, -1, -1, -1, -1, -1, -1, -1, -1, -1, -1, -1, -1, -1, -1, -1, -1, -1, -1, 13, -1, -1, -1, -1, -1, -1, -1, -1, -1, -1, -1, -1, -1, -1, -1, -1, -1, -1, -1, -1, -1, -1, -1, -1, -1, -1, -1, -1, -1, -1, -1, -1, -1, -1, -1, -1, -1, -1, -1, -1, -1, -1, -1, -1, -1, -1, -1, -1, -1, -1, -1, -1, -1, -1, -1, -1, -1, -1, -1, -1, -1, -1, -1, -1, -1, -1, -1, -1, -1, -1, -1, -1, -1, -1, -1, -1, -1, -1, -1, -1, -1, -1, -1, -1, -1, -1, -1, 15, -1, -1, -1, -1, -1, -1, -1, -1, -1, -1, -1, -1, -1, -1, -1, -1, -1, -1, -1, -1, -1, -1, -1, -1, -1, -1, -1, -1, -1, -1, -1, -1, -1, -1, -1, -1, -1, -1, -1, -1, -1, -1, -1, -1, -1, -1, -1, -1, -1, -1, -1, -1, -1, -1, -1, -1, -1, -1, -1, -1, -1, -1, -1, -1, -1, -1, -1, -1, -1, -1, -1, -1, -1, -1, -1, -1, -1, -1, -1, -1, -1, -1, -1, -1, -1, -1, -1, -1, 15, -1, -1, -1, -1, -1, -1, -1, -1, -1, -1, -1, -1, -1, -1, -1, -1, -1, -1, -1, -1, -1, -1, -1, -1, -1, -1, -1, -1, -1, -1, -1, -1, -1, -1, -1, -1, -1, -1, -1, -1, -1, -1, -1, -1, -1, -1, -1, -1, -1, -1, -1, -1, -1, -1, -1, -1, -1, -1, -1, -1, -1, -1, -1, -1, -1, -1, -1, -1, -1, 13, 22, 22, 22, 22, 22, 15, -1, -1, -1, -1, -1, -1, -1, -1, -1, -1, -1, -1, -1, -1, -1, -1, -1, -1, -1, -1, -1, -1, -1, -1, -1, -1, -1, -1, -1, -1, -1, -1, -1, -1, -1, -1, -1, -1, -1, -1, -1, -1, -1, -1, -1, -1, -1, -1, -1],
      "exportMode": 0,
      "arrayMode": 0
    },
    {
      "name": "entity_layer",
      "_eid": "67180635",
      "offsetX": 0,
      "offsetY": 0,
      "gridCellWidth": 16,
      "gridCellHeight": 16,
      "gridCellsX": 22,
      "gridCellsY": 22,
      "entities": [
        {
          "name": "Player",
          "id": 0,
          "_eid": "67169606",
          "x": 304,
          "y": 288,
          "originX": 0,
          "originY": 0,
          "values": {"direction": "Right"}
        },
        {"name": "CrumblingBlock", "id": 1, "_eid": "91704926", "x": 192, "y": 112, "originX": 0, "originY": 0},
        {
          "name": "LevelTrigger",
          "id": 2,
          "_eid": "67172640",
          "x": 352,
          "y": 160,
          "originX": 0,
          "originY": 0,
          "values": {"levelNew": "level10.json"}
        },
        {
          "name": "LevelTrigger",
          "id": 3,
          "_eid": "67172640",
          "x": 352,
          "y": 176,
          "originX": 0,
          "originY": 0,
          "values": {"levelNew": "level10.json"}
        }
      ]
    },
    {
      "name": "gold_layer",
      "_eid": "70348375",
      "offsetX": 0,
      "offsetY": 0,
      "gridCellWidth": 4,
      "gridCellHeight": 4,
      "gridCellsX": 88,
      "gridCellsY": 88,
      "entities": [
        {"name": "Gold", "id": 0, "_eid": "70331214", "x": 252, "y": 288, "originX": 0, "originY": 0},
        {"name": "Gold", "id": 1, "_eid": "70331214", "x": 228, "y": 288, "originX": 0, "originY": 0},
        {"name": "Gold", "id": 2, "_eid": "70331214", "x": 204, "y": 288, "originX": 0, "originY": 0},
        {"name": "Gold", "id": 3, "_eid": "70331214", "x": 176, "y": 288, "originX": 0, "originY": 0},
        {"name": "Gold", "id": 4, "_eid": "70331214", "x": 100, "y": 280, "originX": 0, "originY": 0},
        {"name": "Gold", "id": 5, "_eid": "70331214", "x": 100, "y": 260, "originX": 0, "originY": 0},
        {"name": "Gold", "id": 6, "_eid": "70331214", "x": 100, "y": 240, "originX": 0, "originY": 0},
        {"name": "Gold", "id": 7, "_eid": "70331214", "x": 84, "y": 228, "originX": 0, "originY": 0},
        {"name": "Gold", "id": 8, "_eid": "70331214", "x": 84, "y": 208, "originX": 0, "originY": 0},
        {"name": "Gold", "id": 9, "_eid": "70331214", "x": 84, "y": 188, "originX": 0, "originY": 0},
        {"name": "Gold", "id": 10, "_eid": "70331214", "x": 68, "y": 160, "originX": 0, "originY": 0},
        {"name": "Gold", "id": 11, "_eid": "70331214", "x": 84, "y": 144, "originX": 0, "originY": 0},
        {"name": "Gold", "id": 12, "_eid": "70331214", "x": 84, "y": 128, "originX": 0, "originY": 0},
        {"name": "Gold", "id": 13, "_eid": "70331214", "x": 100, "y": 100, "originX": 0, "originY": 0},
        {"name": "Gold", "id": 14, "_eid": "70331214", "x": 124, "y": 100, "originX": 0, "originY": 0},
        {"name": "Gold", "id": 15, "_eid": "70331214", "x": 144, "y": 96, "originX": 0, "originY": 0},
        {"name": "Gold", "id": 16, "_eid": "70331214", "x": 244, "y": 176, "originX": 0, "originY": 0},
        {"name": "Gold", "id": 17, "_eid": "70331214", "x": 196, "y": 216, "originX": 0, "originY": 0},
        {"name": "Gold", "id": 18, "_eid": "70331214", "x": 212, "y": 192, "originX": 0, "originY": 0},
        {"name": "Gold", "id": 19, "_eid": "70331214", "x": 228, "y": 184, "originX": 0, "originY": 0},
        {"name": "Gold", "id": 20, "_eid": "70331214", "x": 196, "y": 132, "originX": 0, "originY": 0},
        {"name": "Gold", "id": 21, "_eid": "70331214", "x": 196, "y": 156, "originX": 0, "originY": 0},
        {"name": "Gold", "id": 22, "_eid": "70331214", "x": 196, "y": 84, "originX": 0, "originY": 0},
        {"name": "Gold", "id": 23, "_eid": "70331214", "x": 196, "y": 64, "originX": 0, "originY": 0},
        {"name": "Gold", "id": 24, "_eid": "70331214", "x": 196, "y": 48, "originX": 0, "originY": 0},
        {"name": "Gold", "id": 25, "_eid": "70331214", "x": 196, "y": 100, "originX": 0, "originY": 0},
        {"name": "Gold", "id": 26, "_eid": "70331214", "x": 268, "y": 176, "originX": 0, "originY": 0},
        {"name": "Gold", "id": 27, "_eid": "70331214", "x": 284, "y": 176, "originX": 0, "originY": 0},
        {"name": "Gold", "id": 28, "_eid": "70331214", "x": 300, "y": 176, "originX": 0, "originY": 0},
        {"name": "Gold", "id": 29, "_eid": "70331214", "x": 316, "y": 176, "originX": 0, "originY": 0},
        {"name": "Gold", "id": 30, "_eid": "70331214", "x": 332, "y": 176, "originX": 0, "originY": 0}
      ]
    }
  ]
}